id,question,evolution_type,original_question,metadata
c8fbf28d-bf60-4bc8-a0bf-102ff098e463,"What are the names and affiliations of the co-authors of the working paper titled ""How People Use ChatGPT,"" and could you provide a brief overview of their contributions or areas of expertise relevant to the research presented in the paper?",simple,"Who are the co-authors of the working paper titled ""How People Use ChatGPT""?",{}
5425f17b-8d59-4a3d-a2f9-a36de9b2dfad,"Could you provide the working paper number associated with this particular study, including its title and the authors, as well as the publication year for reference?",simple,What is the working paper number associated with this study?,{}
1a8de7ca-57df-4dd4-8dbf-4d7094ddebb1,"By July 2025, what percentage of the global adult population, segmented by age groups (18-24, 25-34, 35-44, 45-54, 55-64, and 65+), had adopted ChatGPT, and how did this adoption rate vary across different regions (such as North America, Europe, Asia, Africa, and South America)?",simple,What percentage of the world's adult population had adopted ChatGPT by July 2025?,{}
d0616c5f-cdd1-4d4b-8562-86ca44b8b449,"What are the three most common conversation topics identified in user interactions with ChatGPT over the past year, specifically focusing on the types of inquiries made in educational, personal, and professional contexts?",simple,What are the three most common conversation topics classified in ChatGPT usage?,{}
7ed8e96b-1423-4d7d-8bd8-21445d7a3c69,"On what date was the initial version of ChatGPT, developed by OpenAI, officially launched to the public, and what were the key features or capabilities that were highlighted at that time?",simple,When was ChatGPT launched?,{}
fdafe3d0-7437-4f78-aa09-186eea98f8e7,"What was the average number of messages sent weekly by users on the platform during the month of July 2025, and how does this figure compare to the weekly message volume from the same month in the previous two years? Additionally, could you provide insights on any significant factors that may have influenced changes in user messaging behavior during that time?",simple,How many messages were being sent weekly by users by July 2025?,{}
aff30410-8c29-4989-8920-29443a55e95f,"What percentage of total messages exchanged among employees within the marketing department during June 2025 were classified as work-related, and how does this percentage compare to the same period in the previous year?",simple,What percentage of total messages in June 2025 were work-related?,{}
0619cc83-0eed-4cab-b177-0d7d3419407b,"In June 2024, how many total messages were recorded across all communication channels, including email, text messages, and social media platforms, and can you also provide a breakdown of the message counts by each channel?",simple,How many total messages were recorded in June 2024?,{}
036e805d-5306-4ce6-92b3-bf2e43512f29,"What percentage of active ChatGPT users, defined as those who interacted with the platform within the first three months of its release, had first names that are statistically categorized as typically masculine according to the Social Security Administration's name data for the United States?",simple,What percentage of active ChatGPT users had typically masculine first names shortly after its release?,{}
c4774831-d7ec-48db-ac17-550bedfc7168,"In the context of the newly developed taxonomy for classifying user messages in communication systems, what are the three distinct categories that are utilized to classify these messages based on the specific types of outputs or responses that users are actively seeking, and how do these categories differ in terms of their intended outcomes or user goals?",simple,What are the three categories used in the new taxonomy to classify messages according to the output the user is seeking?,{}
aa9bd028-57e2-416f-8ebd-278c6d6f8da6,"Based on the findings presented in the working paper titled ""How People Use ChatGPT,"" how do the co-authors' backgrounds and research methodologies influence their conclusions about user interactions with AI, and what recommendations do they provide for improving user experience compared to traditional AI systems?",multi_context,"Who are the co-authors of the working paper titled ""How People Use ChatGPT""?",{}
bf7d6835-5cc7-4c94-9c72-9a11c720444c,"What is the working paper number associated with this study, and how does this paper's findings compare to the conclusions drawn in the previous related studies referenced in the literature review section?",multi_context,What is the working paper number associated with this study?,{}
028c6a5c-6c79-46f4-b5fe-bc32ee63e4c2,"By July 2025, how did the percentage of the world's adult population using ChatGPT compare to the adoption rates of other AI technologies at the same time, and what factors contributed to these trends in adoption across different regions?",multi_context,What percentage of the world's adult population had adopted ChatGPT by July 2025?,{}
83be1278-572a-49f4-b08a-f2998ffdaad1,"How do the three most common conversation topics classified in ChatGPT usage compare in terms of user engagement levels, and what underlying factors from the usage data contribute to the popularity of each topic?",multi_context,What are the three most common conversation topics classified in ChatGPT usage?,{}
5de49e45-570a-470a-bcd8-31438a36de35,"What were the key milestones in the development and launch of ChatGPT, and how do these milestones compare to those of other major AI language models released within the same timeframe?",multi_context,When was ChatGPT launched?,{}
a9d26dd0-55d8-46b8-81c8-257a4742d7ce,"By July 2025, how did the weekly messaging volume of users compare to the average weekly engagement metrics from the previous year, and what factors contributed to any changes observed in user messaging behavior during that period?",multi_context,How many messages were being sent weekly by users by July 2025?,{}
d580e771-2c76-463b-99d7-a1b3a0a6590e,"What percentage of total messages in June 2025 were work-related, and how does this compare to the percentage of work-related messages in June 2024, considering the overall increase or decrease in total messages during that period?",multi_context,What percentage of total messages in June 2025 were work-related?,{}
54641725-9f2a-45b8-84df-2e9d65c460c9,"What were the total messages recorded in June 2024 compared to the previous months, and how do these figures reflect trends in user engagement and platform activity during that period?",multi_context,How many total messages were recorded in June 2024?,{}
d36affb0-920e-45ae-af41-cb88da5dc723,"What was the percentage of active ChatGPT users with typically masculine first names shortly after its release, and how does this percentage compare to the demographic distribution of first names among the general population at that time? Additionally, what implications might these findings have on the perception of gender representation in AI user engagement?",multi_context,What percentage of active ChatGPT users had typically masculine first names shortly after its release?,{}
fac5be77-821c-4ea7-998b-3127f4bad951,"How do the three categories of the new taxonomy for classifying messages compare in their approach to addressing user output needs, and what implications does this classification have for understanding user intent across different communication contexts?",multi_context,What are the three categories used in the new taxonomy to classify messages according to the output the user is seeking?,{}
93d75b39-ee4e-47fc-b1ed-34195b3aaa0b,"In the context of the working paper titled ""How People Use ChatGPT,"" analyze the contributions of each co-author to the research findings. How do their individual backgrounds and areas of expertise influence the conclusions drawn in the paper? Additionally, evaluate the implications of these findings for future developments in AI communication tools. What comparisons can you make with other research in the field, and how might these insights shape public perceptions and usage of AI technologies?",reasoning,"Who are the co-authors of the working paper titled ""How People Use ChatGPT""?",{}
873feea7-c7c1-4e3d-b5dc-534d78dc0eb5,"Given the working paper number associated with this study, how does the numbering system reflect the research priorities of the institution, and what implications does this have for understanding the evolution of research trends in this field over the past decade? Additionally, how might the content of this specific paper compare to others within the same series in terms of methodological approaches and findings, and what does this suggest about the broader academic discourse?",reasoning,What is the working paper number associated with this study?,{}
56e667c4-af44-4eff-9877-acf0404d5b27,"In July 2025, what percentage of the world's adult population had adopted ChatGPT, and how does this adoption rate correlate with factors such as technological literacy, socioeconomic status, and access to digital infrastructure across different regions? Additionally, analyze the implications of this adoption on the global workforce, particularly in terms of job displacement and the emergence of new job categories, while comparing these trends to the adoption rates of previous transformative technologies, such as the internet and smartphones. What underlying reasons can be identified for the disparities in adoption rates across various demographics?",reasoning,What percentage of the world's adult population had adopted ChatGPT by July 2025?,{}
c5165a67-795b-4d71-8839-9d6f4aca44f9,"In the context of ChatGPT usage, analyze the three most common conversation topics by evaluating their relative frequency and significance in user interactions. How do these topics reflect broader societal trends or user needs, and what implications do they have for the future development of AI conversational agents? Additionally, compare the impact of these topics on user engagement and satisfaction, considering how they might influence the design and functionalities of future AI systems.",reasoning,What are the three most common conversation topics classified in ChatGPT usage?,{}
9f5235e3-d122-4486-81b2-4692b4481121,"In the context of the rapid evolution of AI language models, analyze the implications of ChatGPT's launch date on the advancements in natural language processing technology. How did the release of ChatGPT in November 2022 compare to earlier models in terms of capabilities and public reception, and what does this suggest about the trajectory of AI development moving forward?",reasoning,When was ChatGPT launched?,{}
d0574ae2-e9b3-4105-a16e-7488aaf527bd,"By July 2025, what factors contributed to the observed volume of messages sent weekly by users, and how did this volume compare to previous years? Additionally, analyze the implications of this trend on user engagement and platform dynamics, considering both technological advancements and changes in user behavior. Why might these factors influence the overall effectiveness of communication on the platform?",reasoning,How many messages were being sent weekly by users by July 2025?,{}
a6547007-ab62-471c-85cc-8ee5f5400593,"In June 2025, what percentage of total messages were work-related, and how does this percentage compare to the work-related message percentages from the previous six months? Analyze the factors that may have influenced any changes in this percentage, and discuss the potential implications of these trends on workplace communication efficiency and employee productivity. What underlying reasons can be attributed to shifts in message content, and how might these shifts reflect broader organizational changes or industry trends?",reasoning,What percentage of total messages in June 2025 were work-related?,{}
a664594a-c9fe-4ecb-a7e6-e1040bb8979b,"In analyzing the total number of messages recorded in June 2024, consider the trends in message volume compared to previous months and the factors that may have influenced any changes, such as external events, marketing campaigns, or shifts in user engagement. How do these factors correlate with the overall increase or decrease in messaging activity, and what implications might this have for understanding user behavior or predicting future messaging trends? Additionally, how does the June 2024 data align with broader patterns observed in the same period over previous years, and what insights can be drawn about the effectiveness of communication strategies during that time?",reasoning,How many total messages were recorded in June 2024?,{}
49dbd21d-b539-4346-ad37-c9513ffbdec2,"How does the percentage of active ChatGPT users with typically masculine first names shortly after its release reflect broader societal trends in gender identity and naming conventions, and what implications might this have for the perceived user demographic of AI technologies? In your analysis, consider how the naming patterns might influence user engagement and the development of AI systems designed to cater to diverse audiences, and compare this with historical data on user demographics in technology adoption.",reasoning,What percentage of active ChatGPT users had typically masculine first names shortly after its release?,{}
9b5cc9b0-8099-4413-ac6c-5017c566f2a8,"How do the three categories used in the new taxonomy for classifying messages reflect the different types of outputs users seek, and what implications do these categories have for understanding user intent in communication? Additionally, how might this classification system improve or hinder the effectiveness of message delivery in various contexts compared to traditional classification methods?",reasoning,What are the three categories used in the new taxonomy to classify messages according to the output the user is seeking?,{}
